{"vertices":[1.0, 0.6574382185935974, -0.657438337802887, 1.0, -0.6574384570121765, -0.657438337802887, -1.0000001192092896, -0.9999998211860657, -1.0, -0.9999996423721313, 1.0000003576278687, -1.0, 1.000000238418579, 0.6574378609657288, 0.657438337802887, 0.9999995231628418, -0.6574388146400452, 0.657438337802887, -1.0000003576278687, -1.453790545463562, 1.0, -0.9999999403953552, 1.0, 1.0],"indices":[1, 3, 0, 7, 5, 4, 4, 1, 0, 5, 2, 1, 2, 7, 3, 4, 3, 7, 1, 2, 3, 7, 6, 5, 4, 5, 1, 5, 6, 2, 2, 6, 7, 4, 0, 3],"primitivesLength":[3, 3, 3, 3, 3, 3, 3, 3, 3, 3, 3, 3],"colors":[0.0, 0.0, 0.0, 0.0, 1.0, 0.0, 0.0, 1.0, 1.0, 0.0, 0.0, 1.0, 1.0, 0.0, 0.0, 1.0, 1.0, 0.0, 0.0, 1.0, 1.0, 0.0, 0.0, 1.0, 1.0, 0.0, 0.0, 1.0, 1.0, 0.0, 0.0, 1.0, 1.0, 0.0, 0.0, 1.0, 1.0, 0.0, 0.0, 1.0, 1.0, 0.0, 0.0, 1.0, 1.0, 0.0, 0.0, 1.0, 1.0, 0.0, 0.0, 1.0]}