{"localMatrix": [1.0, 0.0, 0.0, 0.0, 0.0, 1.0, 0.0, 0.0, 0.0, 0.0, 1.0, 0.0, 5.222062110900879, 2.8422577381134033, -30.887638092041016, 1.0], "obj": {"Material.003": {"specular_color": [1.0, 1.0, 1.0, 1.0, 1.0, 1.0, 1.0, 1.0, 1.0, 1.0, 1.0, 1.0, 1.0, 1.0, 1.0, 1.0, 1.0, 1.0, 1.0, 1.0, 1.0, 1.0, 1.0, 1.0, 1.0, 1.0, 1.0, 1.0, 1.0, 1.0, 1.0, 1.0, 1.0, 1.0, 1.0, 1.0, 1.0, 1.0, 1.0, 1.0, 1.0, 1.0, 1.0, 1.0, 1.0, 1.0, 1.0, 1.0], "indices": [1, 3, 0, 7, 5, 4, 1, 2, 3, 7, 6, 5], "ambient": [1.0, 1.0, 1.0, 1.0, 1.0, 1.0, 1.0, 1.0, 1.0, 1.0, 1.0, 1.0], "diffuse_color": [0.001934139640070498, 0.0, 0.8000000715255737, 1.0, 0.001934139640070498, 0.0, 0.8000000715255737, 1.0, 0.001934139640070498, 0.0, 0.8000000715255737, 1.0, 0.001934139640070498, 0.0, 0.8000000715255737, 1.0, 0.001934139640070498, 0.0, 0.8000000715255737, 1.0, 0.001934139640070498, 0.0, 0.8000000715255737, 1.0, 0.001934139640070498, 0.0, 0.8000000715255737, 1.0, 0.001934139640070498, 0.0, 0.8000000715255737, 1.0, 0.001934139640070498, 0.0, 0.8000000715255737, 1.0, 0.001934139640070498, 0.0, 0.8000000715255737, 1.0, 0.001934139640070498, 0.0, 0.8000000715255737, 1.0, 0.001934139640070498, 0.0, 0.8000000715255737, 1.0]}, "Material.001": {"specular_color": [1.0, 1.0, 1.0, 1.0, 1.0, 1.0, 1.0, 1.0, 1.0, 1.0, 1.0, 1.0, 1.0, 1.0, 1.0, 1.0, 1.0, 1.0, 1.0, 1.0, 1.0, 1.0, 1.0, 1.0, 1.0, 1.0, 1.0, 1.0, 1.0, 1.0, 1.0, 1.0, 1.0, 1.0, 1.0, 1.0, 1.0, 1.0, 1.0, 1.0, 1.0, 1.0, 1.0, 1.0, 1.0, 1.0, 1.0, 1.0], "indices": [4, 1, 0, 2, 7, 3, 4, 5, 1, 2, 6, 7], "ambient": [1.0, 1.0, 1.0, 1.0, 1.0, 1.0, 1.0, 1.0, 1.0, 1.0, 1.0, 1.0], "diffuse_color": [0.8000000715255737, 0.0003062129835598171, 0.01335691288113594, 1.0, 0.8000000715255737, 0.0003062129835598171, 0.01335691288113594, 1.0, 0.8000000715255737, 0.0003062129835598171, 0.01335691288113594, 1.0, 0.8000000715255737, 0.0003062129835598171, 0.01335691288113594, 1.0, 0.8000000715255737, 0.0003062129835598171, 0.01335691288113594, 1.0, 0.8000000715255737, 0.0003062129835598171, 0.01335691288113594, 1.0, 0.8000000715255737, 0.0003062129835598171, 0.01335691288113594, 1.0, 0.8000000715255737, 0.0003062129835598171, 0.01335691288113594, 1.0, 0.8000000715255737, 0.0003062129835598171, 0.01335691288113594, 1.0, 0.8000000715255737, 0.0003062129835598171, 0.01335691288113594, 1.0, 0.8000000715255737, 0.0003062129835598171, 0.01335691288113594, 1.0, 0.8000000715255737, 0.0003062129835598171, 0.01335691288113594, 1.0]}, "Material.002": {"specular_color": [1.0, 1.0, 1.0, 1.0, 1.0, 1.0, 1.0, 1.0, 1.0, 1.0, 1.0, 1.0, 1.0, 1.0, 1.0, 1.0, 1.0, 1.0, 1.0, 1.0, 1.0, 1.0, 1.0, 1.0, 1.0, 1.0, 1.0, 1.0, 1.0, 1.0, 1.0, 1.0, 1.0, 1.0, 1.0, 1.0, 1.0, 1.0, 1.0, 1.0, 1.0, 1.0, 1.0, 1.0, 1.0, 1.0, 1.0, 1.0], "indices": [5, 2, 1, 4, 3, 7, 5, 6, 2, 4, 0, 3], "ambient": [1.0, 1.0, 1.0, 1.0, 1.0, 1.0, 1.0, 1.0, 1.0, 1.0, 1.0, 1.0], "diffuse_color": [0.00410782266408205, 0.8000000715255737, 0.0, 1.0, 0.00410782266408205, 0.8000000715255737, 0.0, 1.0, 0.00410782266408205, 0.8000000715255737, 0.0, 1.0, 0.00410782266408205, 0.8000000715255737, 0.0, 1.0, 0.00410782266408205, 0.8000000715255737, 0.0, 1.0, 0.00410782266408205, 0.8000000715255737, 0.0, 1.0, 0.00410782266408205, 0.8000000715255737, 0.0, 1.0, 0.00410782266408205, 0.8000000715255737, 0.0, 1.0, 0.00410782266408205, 0.8000000715255737, 0.0, 1.0, 0.00410782266408205, 0.8000000715255737, 0.0, 1.0, 0.00410782266408205, 0.8000000715255737, 0.0, 1.0, 0.00410782266408205, 0.8000000715255737, 0.0, 1.0]}}, "vertices": [1.0, 0.6574382185935974, -0.657438337802887, 1.0, -0.6574384570121765, -0.657438337802887, -1.0000001192092896, -0.9999998211860657, -1.0, -0.9999996423721313, 1.0000003576278687, -1.0, 1.000000238418579, 0.6574378609657288, 0.657438337802887, 0.9999995231628418, -0.6574388146400452, 0.657438337802887, -1.0000003576278687, -1.453790545463562, 1.0, -0.9999999403953552, 1.0, 1.0], "worldMatrix": [1.0, 0.0, 0.0, 0.0, 0.0, 1.0, 0.0, 0.0, 0.0, 0.0, 1.0, 0.0, 5.222062110900879, 2.8422577381134033, -30.887638092041016, 1.0]}